{
  "project_info": {
    "project_number": "970137567785",
    "project_id": "collegeapp-bc721",
    "storage_bucket": "collegeapp-bc721.firebasestorage.app"
  },
  "client": [
    {
      "client_info": {
        "mobilesdk_app_id": "1:970137567785:android:34b40568e4e4ac7dd1d238",
        "android_client_info": {
          "package_name": "com.example.collegeapp"
        }
      },
      "oauth_client": [],
      "api_key": [
        {
          "current_key": "AIzaSyDDZCVGiCpMqBlo7ZG6E0NzHIkonpOLyhE"
        }
      ],
      "services": {
        "appinvite_service": {
          "other_platform_oauth_client": []
        }
      }
    }
  ],
  "configuration_version": "1"
}